Title,Location,Rent,Deposit,Area,Type,Parking,Furnishing,Available From
"Co-Working  space in Wakad, Pune for Rent","Indira College Rd, near Ginger Pune Wakad","15,000No Extra Maintenance","45,000",425 sqft 35.29 per Sq.Ft.,Co-Working,ReservedParking,Semi furnishedFurnishing,ImmediatelyAvailable From
"Co-Working  space in Jambe, Pune for Rent","Rajgruha Housing Society , Opp. Last bus stop of PMPL Jambe","10,000No Extra Maintenance","30,000",280 sqft 35.71 per Sq.Ft.,Co-Working,Public And ReservedParking,UnfurnishedFurnishing,14-Jun-2023Available From
"Co-Working  space in Mhada Colony, Pune for Rent","2, New Airport Rd, Survey Number 235, Mhada Colony, Sanjay Park, Pune, Maharashtra 411006, 10 Biz Park","30,000No Extra Maintenance",1.2 Lacs,550 sqft 54.55 per Sq.Ft.,Co-Working,ReservedParking,Fully furnishedFurnishing,ImmediatelyAvailable From
"Co-Working  space in Bhosari, Pune for Rent","NEAR NEHRUNAGAR HOCKY STADIUM, T-57 ANUCOOL CHOWK.","7,000No Extra Maintenance","10,000","5,000 sqft 1.40 per Sq.Ft.",Co-Working,Public And ReservedParking,Fully furnishedFurnishing,ImmediatelyAvailable From
"Co-Working  space in Bhosari, Pune for Rent","PMT Chowk, near Jogeshwari Misal","10,000No Extra Maintenance","50,000",480 sqft 20.83 per Sq.Ft.,Co-Working,PublicParking,Semi furnishedFurnishing,ImmediatelyAvailable From
"Co-Working  space in Finswell, Pune for Rent","Viman nagar, next to Bajaj Finserv","4,000No Extra Maintenance","12,000",750 sqft 5.33 per Sq.Ft.,Co-Working,PublicParking,Fully furnishedFurnishing,ImmediatelyAvailable From
"Co-Working  space in Sakore Nagar, Pune for Rent","Viman Nagar, Finswell","4,000No Extra Maintenance","12,000",500 sqft 8.00 per Sq.Ft.,Co-Working,Public And ReservedParking,Fully furnishedFurnishing,ImmediatelyAvailable From
"Co-Working  space in Pimple Saudagar, Pune for Rent","Shivar Chowk, near Shivar Garden Restaurant","18,000No Extra Maintenance","50,000",800 sqft 22.50 per Sq.Ft.,Co-Working,PublicParking,Fully furnishedFurnishing,30-Jun-2023Available From
"Co-Working  space in Viman Nagar, Pune for Rent","Airport road , Opposite Townsquare Building","5,000No Extra Maintenance","10,000","1,500 sqft 3.33 per Sq.Ft.",Co-Working,Public And ReservedParking,Fully furnishedFurnishing,ImmediatelyAvailable From
"Co-Working  space in Wakad, Pune for Rent","aundh ravet road, Pride Purple square","7,990 +250Maintenance","50,000",710 sqft 11.25 per Sq.Ft.,Co-Working,PublicParking,Fully furnishedFurnishing,ImmediatelyAvailable From
"Co-Working  space in Chinchwad, Pune for Rent","Pimpri Road, Talera Hospital","30,000No Extra Maintenance",1.5 Lacs,"1,100 sqft 27.27 per Sq.Ft.",Co-Working,Public And ReservedParking,Semi furnishedFurnishing,04-Jun-2023Available From
"Co-Working  space in Pimpri-chinchwad, Pune for Rent","Wakad, Near  Lonkar residency","80,000 +5,000Maintenance",30 Lacs,"1,126 sqft 71.05 per Sq.Ft.",Co-Working,Public And ReservedParking,UnfurnishedFurnishing,ImmediatelyAvailable From
"Co-Working  space in Hinjawadi, Pune for Rent","Unnamed Road, Meza 9.","6,500No Extra Maintenance","20,000","2,250 sqft 2.89 per Sq.Ft.",Co-Working,ReservedParking,Fully furnishedFurnishing,31-May-2023Available From
"Co-Working  space in Kaspate Wasti, Wakad, Pune for Rent","sonigra landmark, ","15,000No Extra Maintenance","30,000","1,000 sqft 15.00 per Sq.Ft.",Co-Working,Public And ReservedParking,Fully furnishedFurnishing,ImmediatelyAvailable From
"Co-Working  space in Sakore Nagar, , Pune for Rent","Viman Nagar, opposite saraswat bank","5.5 Lacs +7,000Maintenance",16.5 Lacs,"3,965 sqft 138.71 per Sq.Ft.",Co-Working,PublicParking,Fully furnishedFurnishing,ImmediatelyAvailable From
"Co-Working  space in Bhosari, Pune for Rent","S Block, Near Thakur Crane & Transport Services","75,000No Extra Maintenance",2 Lacs,"4,000 sqft 18.75 per Sq.Ft.",Co-Working,PublicParking,Semi furnishedFurnishing,ImmediatelyAvailable From
"Co-Working  space in Wakad, Pune for Rent","Shankar Kalat Nagar, Pimpri-Chinchwad, Near Hotel Sanket Inn","35,000No Extra Maintenance","70,000","1,000 sqft 35.00 per Sq.Ft.",Co-Working,PublicParking,Fully furnishedFurnishing,14-Jun-2023Available From
"Co-Working  space in Dapodi, Pune for Rent","Siddhi Towers A wing, Vineyard Workers Church","12,000 +1,000Maintenance","40,000","1,500 sqft 8.00 per Sq.Ft.",Co-Working,ReservedParking,Fully furnishedFurnishing,ImmediatelyAvailable From
"Co-Working  space in  Old Sangvi, Pune for Rent","Sangam Cross Rd, Baburao Dhore Bhavan","20,000No Extra Maintenance","75,000",450 sqft 44.44 per Sq.Ft.,Co-Working,PublicParking,Semi furnishedFurnishing,ImmediatelyAvailable From
"Co-Working  space in Quick Office Coworking Space- Shared Office Space Pune, Pune for Rent","Wakad-Hinjawadi Road,, White Square, Hinjewadi","5,000No Extra Maintenance","10,000","5,000 sqft 1.00 per Sq.Ft.",Co-Working,ReservedParking,Fully furnishedFurnishing,ImmediatelyAvailable From
"Co-Working  space in New Sanghavi, Pune for Rent","Famous chowk, Near Shivneri misal","10,000No Extra Maintenance","25,000",150 sqft 66.67 per Sq.Ft.,Co-Working,PublicParking,Semi furnishedFurnishing,ImmediatelyAvailable From
"Co-Working  space in Kalyani Nagar, Pune for Rent","Nilanjali Society, The Bishop's Co-Ed School","2.5 Lacs +15,000Maintenance",12.5 Lacs,"5,000 sqft 50.00 per Sq.Ft.",Co-Working,Public And ReservedParking,Semi furnishedFurnishing,ImmediatelyAvailable From
"Co-Working  space in Wadgaon Sheri, Pune for Rent","kalyani nagar annex, In front of shivaji garden, and near shivaji putla; adjacent to Brahma suncity","20,000No Extra Maintenance","60,000",900 sqft 22.22 per Sq.Ft.,Co-Working,NoneParking,Fully furnishedFurnishing,ImmediatelyAvailable From
"Co-Working  space in Xion Mall, Pune for Rent","Hinjewadi Wakad, Relience Mall","3,500No Extra Maintenance","5,000",500 sqft 7.00 per Sq.Ft.,Co-Working,Public And ReservedParking,Fully furnishedFurnishing,ImmediatelyAvailable From
"Co-Working  space in Sector 25, Pune for Rent","Bhel chowk road, Beside Gayatri hotel","5,500No Extra Maintenance","5,500",400 sqft 13.75 per Sq.Ft.,Co-Working,Public And ReservedParking,Fully furnishedFurnishing,ImmediatelyAvailable From
"Industrial Shed in Chikhali, Pune for Rent","Siddhivinayak industrial estate, King weigh bridge","27,000No Extra Maintenance",1.2 Lacs,"2,000 sqft 13.50 per Sq.Ft.",Industrial Shed,PublicParking,Semi furnishedFurnishing,ImmediatelyAvailable From
"Industrial Shed in Pimpri-chinchwad, Pune for Rent","ICC Devi Gaurav Technology Park, Mitsubishi Electric India Pvt Ltd","60,000No Extra Maintenance",2.4 Lacs,"2,000 sqft 30.00 per Sq.Ft.",Industrial Shed,ReservedParking,UnfurnishedFurnishing,ImmediatelyAvailable From
"Industrial Shed in Mamurdi, Pune for Rent","Sai Nagar, Dehu Road, Forest Hills Society","8,000No Extra Maintenance","20,000","2,000 sqft 4.00 per Sq.Ft.",Industrial Shed,PublicParking,UnfurnishedFurnishing,ImmediatelyAvailable From
"Industrial Shed in Chikhali, Pune for Rent","Chikhali Shelar Vasti Dehu - Alandi Rd , Kapila Enterprises","70,000No Extra Maintenance",3 Lacs,"5,000 sqft 14.00 per Sq.Ft.",Industrial Shed,PublicParking,Semi furnishedFurnishing,ImmediatelyAvailable From
"Industrial Shed in  Bhosari, Pune for Rent","Pimpri-Chinchwad rd, Century Enka Limited",1.5 LacsNo Extra Maintenance,5 Lacs,"4,500 sqft 33.33 per Sq.Ft.",Industrial Shed,PublicParking,UnfurnishedFurnishing,ImmediatelyAvailable From
"Industrial Shed in  Pimpri-chinchwad, Pune for Rent","Sonwane Wasti Rd, Chikhali, Vishwakalyan School - CBSE Affiliated",6 LacsNo Extra Maintenance,24 Lacs,"40,000 sqft 15.00 per Sq.Ft.",Industrial Shed,ReservedParking,Semi furnishedFurnishing,ImmediatelyAvailable From
"Industrial Shed in Bhosari, Pune for Rent","Pune - Nashik Hwy, , Desai Hospital","20,000No Extra Maintenance","60,000","5,000 sqft 4.00 per Sq.Ft.",Industrial Shed,ReservedParking,UnfurnishedFurnishing,ImmediatelyAvailable From
"Industrial Shed in Bhosari, Pune for Rent","Panjarpol, Bhosari , godawon chowk","15,000No Extra Maintenance","60,000","1,000 sqft 15.00 per Sq.Ft.",Industrial Shed,PublicParking,UnfurnishedFurnishing,ImmediatelyAvailable From
"Industrial Shed in Chikhali, Pune for Rent","Mhetre Wadi, near Mauli niwas Namdeo Housing society","36,000No Extra Maintenance",1.5 Lacs,"3,000 sqft 12.00 per Sq.Ft.",Industrial Shed,ReservedParking,Semi furnishedFurnishing,ImmediatelyAvailable From
"Industrial Shed in 117, Rajwada Sector 2 Bhosari,, Pune for Rent","Indrayani Nagar Sector 2, Shri swami samrthi","10,000No Extra Maintenance","15,000",400 sqft 25.00 per Sq.Ft.,Industrial Shed,PublicParking,UnfurnishedFurnishing,ImmediatelyAvailable From
"Industrial Shed in Hinjawadi, Pune for Rent","Hinjawadi - Aundh Road, rangnath vitthal jambhulkar pravesh dwar ",3 LacsNo Extra Maintenance,10 Lacs,"10,000 sqft 30.00 per Sq.Ft.",Industrial Shed,PublicParking,UnfurnishedFurnishing,ImmediatelyAvailable From
"Industrial Shed in Talwade, Pune for Rent","Dehu alandi road, near KRTC engineering gat no. 50","33,000No Extra Maintenance",1 Lac,"2,200 sqft 15.00 per Sq.Ft.",Industrial Shed,ReservedParking,UnfurnishedFurnishing,ImmediatelyAvailable From
"Industrial Shed in Pimpri-chinchwad, Pune for Rent","MIDC, Pimpri Colony, , Tata Motors","22,000No Extra Maintenance","66,000",700 sqft 31.43 per Sq.Ft.,Industrial Shed,ReservedParking,UnfurnishedFurnishing,ImmediatelyAvailable From
"Industrial Shed in Talawade, Pune for Rent","Jyotiba Nagar near , Jyotiba Temple","45,000No Extra Maintenance",2 Lacs,"3,000 sqft 15.00 per Sq.Ft.",Industrial Shed,PublicParking,Fully furnishedFurnishing,ImmediatelyAvailable From
"Industrial Shed in Tathawade, Pune for Rent"," Aundh - Ravet BRTS Rd, , Raaga Imperio | Restaurant | Top Banquet Hall Pcmc","40,000No Extra Maintenance",1.2 Lacs,"2,000 sqft 20.00 per Sq.Ft.",Industrial Shed,ReservedParking,UnfurnishedFurnishing,ImmediatelyAvailable From
"Industrial Shed in Pimpri-chinchwad, Pune for Rent","Jyotiba Nagar, Talwade chikle, Bhosale wajan kata",1.5 LacsNo Extra Maintenance,9 Lacs,"7,980 sqft 18.80 per Sq.Ft.",Industrial Shed,PublicParking,UnfurnishedFurnishing,ImmediatelyAvailable From
"Industrial Shed in Bhosari, Pune for Rent","MIDC Sector 2, Near Vip Vishweshwar",1.7 LacsNo Extra Maintenance,8 Lacs,"5,000 sqft 34.00 per Sq.Ft.",Industrial Shed,PublicParking,Semi furnishedFurnishing,ImmediatelyAvailable From
"Industrial Shed in Vishweshwar Chowk, Pune for Rent","sector 10, Near Cotmac Electronics",1.35 LacsNo Extra Maintenance,5 Lacs,"5,200 sqft 25.96 per Sq.Ft.",Industrial Shed,ReservedParking,UnfurnishedFurnishing,ImmediatelyAvailable From
"Industrial Shed in Bhosari, Pune for Rent","Pune - Nashik Hwy, Central Training Institute, (Maharashtra State Road Transport Corporation)",2.45 Lacs +No Extra Maintenance,7.35 Lacs,"8,000 sqft 30.63 per Sq.Ft.",Industrial Shed,ReservedParking,UnfurnishedFurnishing,ImmediatelyAvailable From
"Industrial Shed in Talwade, Pune for Rent","Talawade Rd, near Hotel Pandurang Krupa",1.5 LacsNo Extra Maintenance,6 Lacs,"10,000 sqft 15.00 per Sq.Ft.",Industrial Shed,ReservedParking,UnfurnishedFurnishing,30-Jun-2023Available From
"Industrial Shed in Chikhali, Pune for Rent","Hargude Vasti,, near Panchsheel Filters Pvt Ltd","30,000No Extra Maintenance",1.5 Lacs,"1,500 sqft 20.00 per Sq.Ft.",Industrial Shed,PublicParking,UnfurnishedFurnishing,ImmediatelyAvailable From
"Industrial Shed in Hinjawadi, Pune for Rent","wakad Hinjawadi Road, behind Hotel Madhuban","25,000No Extra Maintenance",1 Lac,"2,152 sqft 11.62 per Sq.Ft.",Industrial Shed,NoneParking,UnfurnishedFurnishing,ImmediatelyAvailable From
"Industrial Shed in Talawade, Pune for Rent","ascent engineers, jyotiba Temple","40,000No Extra Maintenance",2.5 Lacs,"3,000 sqft 13.33 per Sq.Ft.",Industrial Shed,Public And ReservedParking,UnfurnishedFurnishing,ImmediatelyAvailable From
"Industrial Shed in Chikhali, Pune for Rent","Pawarwasti road 12, Kudalwadi","5,000No Extra Maintenance","15,000",500 sqft 10.00 per Sq.Ft.,Industrial Shed,Public And ReservedParking,Fully furnishedFurnishing,ImmediatelyAvailable From
"Industrial Shed in Chakan, Pune for Rent","Midc road, Near AllTech",2.1 Lacs +No Extra Maintenance,12 Lacs,"12,500 sqft 16.80 per Sq.Ft.",Industrial Shed,ReservedParking,UnfurnishedFurnishing,ImmediatelyAvailable From
"Industrial Building in Bhosari, Pune for Rent","MIDC, Bhosari IE Sub Post Office new location","55,000No Extra Maintenance",3 Lacs,"1,500 sqft 36.67 per Sq.Ft.",Industrial Building,PublicParking,Semi furnishedFurnishing,31-May-2023Available From
"Industrial Building in Hinjawadi, Pune for Rent","Hinjewadi Phase 2 Rd,, 220 KV Hinjawadi Ph 2 Sub Station",3.6 LacsNo Extra Maintenance,21.6 Lacs,"6,000 sqft 60.00 per Sq.Ft.",Industrial Building,ReservedParking,UnfurnishedFurnishing,ImmediatelyAvailable From
"Industrial Building in Bhosari, Pune for Rent","Rajdhani Industraial Complex. MIDC EL 13/3 . near Capjemini. Bhosari, opposite scope","30,000No Extra Maintenance",1 Lac,450 sqft 66.67 per Sq.Ft.,Industrial Building,PublicParking,UnfurnishedFurnishing,ImmediatelyAvailable From
"Industrial Building in Hinjewadi Phase 1, Pune for Rent","Phase 1, Hinjewadi Rajiv Gandhi Infotech Park, Hinjawadi, Pimpri-Chinchwad, Maharashtra, Behind , Planet 9","10,000 +1,000Maintenance","10,000","5,000 sqft 2.00 per Sq.Ft.",Industrial Building,Public And ReservedParking,Semi furnishedFurnishing,ImmediatelyAvailable From
"Industrial Building in Pimpri-chinchwad, Pune for Rent"," Kalbhor Nagar, Near  St Andrews High school  ","16,000No Extra Maintenance","50,000",470 sqft 34.04 per Sq.Ft.,Industrial Building,PublicParking,UnfurnishedFurnishing,ImmediatelyAvailable From
"Industrial Building in  Bhosari, Pune for Rent"," Indrayani Nagar Sector 2, Shri swami samrthi","4,500No Extra Maintenance","15,000",200 sqft 22.50 per Sq.Ft.,Industrial Building,PublicParking,UnfurnishedFurnishing,ImmediatelyAvailable From
"Industrial Building in Pimpri-chinchwad, Pune for Rent","MIDC, Pimpri Colony, , Tata Motors","35,000No Extra Maintenance",1.05 Lacs,"1,800 sqft 19.44 per Sq.Ft.",Industrial Building,ReservedParking,UnfurnishedFurnishing,ImmediatelyAvailable From
"Industrial Building in Moshi, Pune for Rent","nanekarwadi-pune highway, NearRadhika Furniture Mall ","25,000No Extra Maintenance",1 Lac,"1,000 sqft 25.00 per Sq.Ft.",Industrial Building,Public And ReservedParking,Semi furnishedFurnishing,ImmediatelyAvailable From
"Industrial Building in Chinchwad, Pune for Rent","Shree Sant Dnyaneshwar Industrial Estate, Near Mohan nagar Police chowki ",1 LacNo Extra Maintenance,5 Lacs,"3,000 sqft 33.33 per Sq.Ft.",Industrial Building,ReservedParking,Semi furnishedFurnishing,19-May-2023Available From
"Industrial Building in Bhosari, Pune for Rent","Mohan nagar alankapuram road, near water purifier plant","16,000No Extra Maintenance","30,000","1,000 sqft 16.00 per Sq.Ft.",Industrial Building,ReservedParking,UnfurnishedFurnishing,ImmediatelyAvailable From
"Industrial Building in Dighi, Pune for Rent","Gaikwad Nagar, Vijay Nagar,, Near  Bhagini Nivedita Pratishthan Pune","13,000 +500Maintenance","20,000",750 sqft 17.33 per Sq.Ft.,Industrial Building,ReservedParking,UnfurnishedFurnishing,ImmediatelyAvailable From
"Industrial Building in Pimpri-chinchwad, Pune for Rent","MIDC, Bhosari,, near Basveshwar Industrial Complex",6 LacsNo Extra Maintenance,20 Lacs,"14,500 sqft 41.38 per Sq.Ft.",Industrial Building,Public And ReservedParking,Fully furnishedFurnishing,ImmediatelyAvailable From
"Industrial Building in Pune, Pune for Rent","pm house, kp","15,000No Extra Maintenance","20,000",600 sqft 25.00 per Sq.Ft.,Industrial Building,Public And ReservedParking,UnfurnishedFurnishing,ImmediatelyAvailable From
"Industrial Building in Pimpri-chinchwad, Pune for Rent","midc ,  bhosari , bharat electronics limited ","22,000 +1,000Maintenance",1 Lac,900 sqft 24.44 per Sq.Ft.,Industrial Building,PublicParking,UnfurnishedFurnishing,ImmediatelyAvailable From
"Industrial Building in Pimpri Colony, Pune for Rent","Laxmi Industrial Complex, Tata motors Material Gate","40,000No Extra Maintenance",1 Lac,"1,500 sqft 26.67 per Sq.Ft.",Industrial Building,PublicParking,UnfurnishedFurnishing,ImmediatelyAvailable From
"Industrial Building in Midc Bhosari, Pune for Rent","plot  144 sector 7, sector 7 MIDC","1.25 Lacs +10,000Maintenance",8 Lacs,"4,000 sqft 31.25 per Sq.Ft.",Industrial Building,ReservedParking,UnfurnishedFurnishing,ImmediatelyAvailable From
"Industrial Building in  Nigdi, Pune for Rent","Triveni Nagar, rupeenagar , Government School And Rupinagar Nigdi","35,000No Extra Maintenance",1 Lac,"3,070 sqft 11.40 per Sq.Ft.",Industrial Building,NoneParking,Fully furnishedFurnishing,ImmediatelyAvailable From
"Industrial Building in Pimpri-chinchwad, Pune for Rent","MIDC,  Plasma Industries MIDC",4 LacsNo Extra Maintenance,24 Lacs,"9,500 sqft 42.11 per Sq.Ft.",Industrial Building,PublicParking,UnfurnishedFurnishing,ImmediatelyAvailable From
"Industrial Building in Sharayu Toyota - Toyota Car Dealers, Pune for Rent","near quality circle, ","30,000No Extra Maintenance",1 Lac,"1,000 sqft 30.00 per Sq.Ft.",Industrial Building,Public And ReservedParking,Semi furnishedFurnishing,ImmediatelyAvailable From
"Office Space in Pimple Nilkah, Pune for Rent","dp road, vishal nagar ,Vasundhara Plaza, Shivsagar hotel, sathe petrol pump,  24k glitterite ","30,000 +1,000Maintenance",1 Lac,750 sqft 40.00 per Sq.Ft.,Office Space,PublicParking,UnfurnishedFurnishing,ImmediatelyAvailable From
"Office Space in Chinchwad, Pune for Rent","Anand Nagar, Carnival Cinemas Chinchwad","40,000No Extra Maintenance",2 Lacs,550 sqft 72.73 per Sq.Ft.,Office Space,PublicParking,UnfurnishedFurnishing,ImmediatelyAvailable From
"Office Space in Pimpri-chinchwad, Pune for Rent","Old Mumbai - Pune Hwy,Kasarwadi, Near Nashik Phata Metro Station","16,000No Extra Maintenance","50,000",300 sqft 53.33 per Sq.Ft.,Office Space,PublicParking,UnfurnishedFurnishing,ImmediatelyAvailable From
"Office Space in F-residences By Bramhacorp At New Kalyani Nagar, Pune for Rent","New Kalyani Nagar, ","28,000No Extra Maintenance","90,000",420 sqft 66.67 per Sq.Ft.,Office Space,PublicParking,UnfurnishedFurnishing,12-May-2023Available From
"Office Space in Pimpri  Chinchwad, Pune for Rent","Pimple Saudagar, Govind Garden","48,000No Extra Maintenance",2.4 Lacs,"1,700 sqft 28.24 per Sq.Ft.",Office Space,PublicParking,UnfurnishedFurnishing,30-May-2023Available From
"Office Space in Om Chambers, Pune for Rent","bhosari, telco road","5 Lacs +50,000Maintenance",30 Lacs,"8,300 sqft 60.24 per Sq.Ft.",Office Space,ReservedParking,Fully furnishedFurnishing,ImmediatelyAvailable From
"Office Space in Pimpri Colony, Pune for Rent","Pimpri,kothari chouk, Kamala Cross Road, Opp.pcmc building ","27,000No Extra Maintenance",1 Lac,410 sqft 65.85 per Sq.Ft.,Office Space,ReservedParking,Fully furnishedFurnishing,31-May-2023Available From
"Office Space in Lms Realites Viman Nagar, Pune for Rent","Sakorenagar, Bajaj Finserv","82,000No Extra Maintenance",2 Lacs,"1,050 sqft 78.10 per Sq.Ft.",Office Space,ReservedParking,UnfurnishedFurnishing,12-May-2023Available From
"Office Space in Suratwala Mark Plazzo, Pune for Rent","Hinjawadi Road, Indian oil petrol pump","65,000 +5,000Maintenance",5 Lacs,"1,100 sqft 59.09 per Sq.Ft.",Office Space,ReservedParking,UnfurnishedFurnishing,18-May-2023Available From
"Office Space in Viman Nagar, Pune for Rent","Datta Mandir Chowk, Apollo Clinic","65,000 +6,000Maintenance",3 Lacs,"1,026 sqft 63.35 per Sq.Ft.",Office Space,ReservedParking,Fully furnishedFurnishing,ImmediatelyAvailable From
"Office Space in Hinjawadi, Pune for Rent","Near ganesh temple, KPIT Cummins Infotech ","55,000 +5,000Maintenance",1.5 Lacs,"2,500 sqft 22.00 per Sq.Ft.",Office Space,ReservedParking,UnfurnishedFurnishing,ImmediatelyAvailable From
"Office Space in Pimple Saudagar, Pune for Rent","Pimple Saudagar , BRTS Route, Shubham Heights","15,000 +1,100Maintenance","50,000",201 sqft 74.63 per Sq.Ft.,Office Space,PublicParking,UnfurnishedFurnishing,17-May-2023Available From
"Office Space in Bhumkar Chowk, Pune for Rent","bhumkar chowk, ginger hotel","20,000No Extra Maintenance","50,000",250 sqft 80.00 per Sq.Ft.,Office Space,Public And ReservedParking,Fully furnishedFurnishing,11-Jul-2023Available From
"Office Space in  Pimpri-chinchwad, Pune for Rent","Ganesh Nagar, Near Mahalaxmi Mandir, Famous Chowk near , Datta Mandir Road","70,000No Extra Maintenance",1.5 Lacs,"1,735 sqft 40.35 per Sq.Ft.",Office Space,PublicParking,UnfurnishedFurnishing,04-Jul-2023Available From
"Office Space in Hinjawadi, Pune for Rent","Hinjawadi Rajiv Gandhi Infotech Park,, MSEB office","25,000No Extra Maintenance",1.5 Lacs,525 sqft 47.62 per Sq.Ft.,Office Space,ReservedParking,UnfurnishedFurnishing,ImmediatelyAvailable From
"Office Space in Viman Nagar, Pune for Rent","behind Novotel Hotel , Next to Hyatt Hotel ","63,000 +No Extra Maintenance",2.5 Lacs,910 sqft 69.23 per Sq.Ft.,Office Space,ReservedParking,UnfurnishedFurnishing,14-May-2023Available From
"Office Space in Kalewadi, Pune for Rent","Sneh Colony Road, athvan hotel","15,000No Extra Maintenance","50,000",220 sqft 68.18 per Sq.Ft.,Office Space,Public And ReservedParking,Semi furnishedFurnishing,ImmediatelyAvailable From
"Office Space in Viman Nagar, Pune for Rent","Sakore Nagar, Platinum Square Building","68,000 +5,000Maintenance",3.5 Lacs,805 sqft 84.47 per Sq.Ft.,Office Space,Public And ReservedParking,Fully furnishedFurnishing,ImmediatelyAvailable From
"Office Space in Shastrinagar, Pune for Rent","Nagar Rd, Canary High, International School","70,000No Extra Maintenance",3.5 Lacs,"1,585 sqft 44.16 per Sq.Ft.",Office Space,ReservedParking,Fully furnishedFurnishing,ImmediatelyAvailable From
"Office Space in Godambe Chowk, Pune for Rent","Near Thopate lawns, Rahatni, pune","76,400No Extra Maintenance",5 Lacs,958 sqft 79.75 per Sq.Ft.,Office Space,ReservedParking,UnfurnishedFurnishing,ImmediatelyAvailable From
"Office Space in Rahatani,, Pune for Rent","STERLING BLOOMS, Rahatani Chowk",2.3 LacsNo Extra Maintenance,13.8 Lacs,958 sqft 240.00 per Sq.Ft.,Office Space,ReservedParking,UnfurnishedFurnishing,ImmediatelyAvailable From
"Office Space in  Pimpri-chinchwad,, Pune for Rent"," Wakad, Near  Wisteriaa Fortune","26,000 +4,000Maintenance","75,000",543 sqft 47.88 per Sq.Ft.,Office Space,ReservedParking,Fully furnishedFurnishing,ImmediatelyAvailable From
"Office Space in Wakad, Pune for Rent","Kaspatewast,Hotel Ambience Excellency, Hotel Ambience Excellency","29,000 +3,000Maintenance",1.45 Lacs,700 sqft 41.43 per Sq.Ft.,Office Space,ReservedParking,Fully furnishedFurnishing,ImmediatelyAvailable From
"Office Space in  New Sanghavi, Pune for Rent","Pimpri Gurav Nagar,, near MH 14 FOOD COURTT","23,000No Extra Maintenance","50,000","1,200 sqft 19.17 per Sq.Ft.",Office Space,PublicParking,UnfurnishedFurnishing,ImmediatelyAvailable From
"Office in Moshi, Pune for Rent","RTO link road , Privia Business Centre Pune","12,000 +1,500Maintenance","50,000",250 sqft 48.00 per Sq.Ft.,Office,Public And ReservedParking,UnfurnishedFurnishing,ImmediatelyAvailable From
"Commercial Property in Pimpri-chinchwad,, Pune for Rent","Sahyadri colony, Bhau Saheb Kadam Nagar,, near Baramati Sahakari Bank Sangavi","25,000No Extra Maintenance","50,000",700 sqft 35.71 per Sq.Ft.,Other business,PublicParking,UnfurnishedFurnishing,ImmediatelyAvailable From
"Commercial Property in New Sanghavi, Pune for Rent"," Samarth Nagar, near Gayatri Bhel","20,000No Extra Maintenance","40,000","1,000 sqft 20.00 per Sq.Ft.",Other business,ReservedParking,UnfurnishedFurnishing,ImmediatelyAvailable From
"Commercial Property in Bhosari , Pune for Rent","Commercial Complex, Bhosari Alandi Road, Ghawane Petrol Pump","35,000No Extra Maintenance",1 Lac,500 sqft 70.00 per Sq.Ft.,Other business,NoneParking,UnfurnishedFurnishing,ImmediatelyAvailable From
"Commercial Property in Pimple Gurav, Pune for Rent","Suyog niwas Jai mobile opposite to kotak ATM, Near chaitanya jewellers Kate puram chowk","16,000No Extra Maintenance","30,000",650 sqft 24.62 per Sq.Ft.,Other business,PublicParking,UnfurnishedFurnishing,31-May-2023Available From
"Commercial Property in Pimpri Colony, Pune for Rent","vyabhav Nagar, ,  Shree Mudra Ganesh Mandir","25,000No Extra Maintenance","50,000",800 sqft 31.25 per Sq.Ft.,Other business,PublicParking,UnfurnishedFurnishing,ImmediatelyAvailable From
"Commercial Property in Jadhav Corner &#40; Kala Khadak&#41;, Pune for Rent","Ashraya hospital, ","40,000 +5,000Maintenance",1.5 Lacs,"1,000 sqft 40.00 per Sq.Ft.",Other business,ReservedParking,UnfurnishedFurnishing,30-Jun-2023Available From
"Commercial Property in New Sanghavi, Pune for Rent","Krishna Chowk, Shree Mahalaxmi medico ","30,000No Extra Maintenance",1 Lac,450 sqft 66.67 per Sq.Ft.,Other business,ReservedParking,UnfurnishedFurnishing,ImmediatelyAvailable From
"Commercial Property in Jagtap Dairy, Pune for Rent","Pimple Nilakh, Infront of Copa Villa Restaurant","50,000No Extra Maintenance",1 Lac,"1,000 sqft 50.00 per Sq.Ft.",Other business,Public And ReservedParking,Semi furnishedFurnishing,ImmediatelyAvailable From
"Commercial Property in Moshi, Pune for Rent","Sant Nagar, Sainath Hospital","5,000No Extra Maintenance","10,000",500 sqft 10.00 per Sq.Ft.,Other business,PublicParking,UnfurnishedFurnishing,ImmediatelyAvailable From
"Commercial Property in New Sanghavi, Pune for Rent",1 Shri Mahalakshmi Marg,"30,000No Extra Maintenance",1 Lac,700 sqft 42.86 per Sq.Ft.,Other business,PublicParking,UnfurnishedFurnishing,ImmediatelyAvailable From
"Commercial Property in Pradhikaran, Pune for Rent","Moshi High Street Link Road , Goldfields mall ","15,000No Extra Maintenance","50,000",270 sqft 55.56 per Sq.Ft.,Other business,Public And ReservedParking,UnfurnishedFurnishing,ImmediatelyAvailable From
"Commercial Property in Chikhali, Pune for Rent","Chikhali Akurdi Rd, near nyan Sagar English Medium School","50,000No Extra Maintenance",3 Lacs,"1,300 sqft 38.46 per Sq.Ft.",Other business,NoneParking,UnfurnishedFurnishing,ImmediatelyAvailable From
"Commercial Property in Chikhali Akurdi Road, Chikhali, Pune for Rent","chikhli sane chowk road , panchavati apartment ","40,000No Extra Maintenance",1.5 Lacs,"1,300 sqft 30.77 per Sq.Ft.",Other business,PublicParking,UnfurnishedFurnishing,ImmediatelyAvailable From
"Commercial Property in Pimpri Chinchwad, Pune for Rent","plot no 163B sector no 23 transport nagar 411044, opposite to nigdi bus depot","15,000No Extra Maintenance","29,000",110 sqft 136.36 per Sq.Ft.,Other business,Public And ReservedParking,Fully furnishedFurnishing,ImmediatelyAvailable From
"Commercial Property in Pimpri-chinchwad, Pune for Rent","Bijlinagar, Near New English High School",3 LacsNo Extra Maintenance,15 Lacs,"7,000 sqft 42.86 per Sq.Ft.",Other business,ReservedParking,Fully furnishedFurnishing,ImmediatelyAvailable From
"Commercial Property in Sambhajinagar, Pune for Rent"," Rakhan society, Chikhali Akurdi Rd, Sambhajinagar, Chinchwad, Pune, Maharashtra 411019, India, NH Food Hub",1.2 LacsNo Extra Maintenance,5 Lacs,"1,000 sqft 120.00 per Sq.Ft.",Other business,PublicParking,Fully furnishedFurnishing,ImmediatelyAvailable From
"Commercial Property in Talwade, Pune for Rent","M I D C Technology Park, Atos Syntel GDC",1.6 LacsNo Extra Maintenance,7 Lacs,"40,000 sqft 4.00 per Sq.Ft.",Other business,PublicParking,Semi furnishedFurnishing,ImmediatelyAvailable From
"Commercial Property in Kasarwadi, Pune for Rent","rahi nam, new maharashtra Bakery","5,000No Extra Maintenance","20,000",220 sqft 22.73 per Sq.Ft.,Other business,NoneParking,UnfurnishedFurnishing,ImmediatelyAvailable From
"Commercial Property in Chinchwad,, Pune for Rent","Chikhali Akurdi Rd , Near Kaka Vada Pav & Snacks Centre",1.2 LacsNo Extra Maintenance,5 Lacs,"1,666 sqft 72.03 per Sq.Ft.",Other business,PublicParking,Semi furnishedFurnishing,ImmediatelyAvailable From
"Commercial Property in Chinchwade Nagar, Pune for Rent","Walhekarwadi Road , Opp. Krishna Veg Treat Hotel",4.5 LacsNo Extra Maintenance,15 Lacs,"6,500 sqft 69.23 per Sq.Ft.",Other business,Public And ReservedParking,Fully furnishedFurnishing,30-Jun-2023Available From
"Commercial Property in Hinjawadi, Pune for Rent","Hinjawadi Village, Suratwala Mark Plaza","50,000No Extra Maintenance",1.5 Lacs,751 sqft 66.58 per Sq.Ft.,Other business,PublicParking,Fully furnishedFurnishing,ImmediatelyAvailable From
"Commercial Property in Pimpri-chinchwad, Pune for Rent","Rahatani Rd, Pimple Saudagar, Radhika Electronics","25,000No Extra Maintenance",5 Lacs,"3,000 sqft 8.33 per Sq.Ft.",Other business,Public And ReservedParking,Semi furnishedFurnishing,ImmediatelyAvailable From
"Commercial Property in Moshi, Pune for Rent","Borade Vasti, boradewadi, near silver blue hotel","20,000No Extra Maintenance","50,000",800 sqft 25.00 per Sq.Ft.,Other business,PublicParking,UnfurnishedFurnishing,ImmediatelyAvailable From
"Commercial Property in Rupeenagar, Pune for Rent","Ganesh colony, Near mauli hospital","40,000 +1,000Maintenance",1.5 Lacs,"4,000 sqft 10.00 per Sq.Ft.",Other business,NoneParking,Semi furnishedFurnishing,ImmediatelyAvailable From
"Commercial Property in Vision Galleria, Pune for Rent","VISION GALLERIA MALL, ","10,000No Extra Maintenance","60,000","1,000 sqft 10.00 per Sq.Ft.",Other business,Public And ReservedParking,Semi furnishedFurnishing,ImmediatelyAvailable From
"Restaurant/Cafe in ?????? ?????, Pune for Rent","Balamal Chowl, Pimpri Gaon, Pimpri Gaon",1 LacNo Extra Maintenance,3 Lacs,900 sqft 111.11 per Sq.Ft.,Restaurant/Cafe,PublicParking,Semi furnishedFurnishing,ImmediatelyAvailable From
"Restaurant/Cafe in Tathawade, Pune for Rent","Bhumkar Chowk Road, Azure by Paranjape Schemes","44,000No Extra Maintenance",1.32 Lacs,800 sqft 55.00 per Sq.Ft.,Restaurant/Cafe,ReservedParking,Fully furnishedFurnishing,ImmediatelyAvailable From
"Restaurant/Cafe in Pimpri Colony, Pune for Rent","Sant Tukaram Nagar, near Dr. D. Y. Patil Medical College, Hospital & Research Centre","9,000 +No Extra Maintenance","18,000",80 sqft 112.50 per Sq.Ft.,Restaurant/Cafe,NoneParking,Fully furnishedFurnishing,ImmediatelyAvailable From
"Restaurant/Cafe in Hinjewadi, Pune for Rent","Phase 2, near madhura cafe",1.5 LacsNo Extra Maintenance,10 Lacs,"3,500 sqft 42.86 per Sq.Ft.",Restaurant/Cafe,ReservedParking,Fully furnishedFurnishing,31-May-2023Available From
"Restaurant/Cafe in Pimpri-chinchwad, Pune for Rent","Old Pune-Mumbai highway, Vishal Cinemaas",2 LacsNo Extra Maintenance,15 Lacs,"5,000 sqft 40.00 per Sq.Ft.",Restaurant/Cafe,PublicParking,Fully furnishedFurnishing,ImmediatelyAvailable From
"Restaurant/Cafe in Charholi Budruk, Pune for Rent","Pune - Alandi Rd, Near Chandraphool Lawns",1 LacNo Extra Maintenance,3 Lacs,"5,000 sqft 20.00 per Sq.Ft.",Restaurant/Cafe,PublicParking,Fully furnishedFurnishing,ImmediatelyAvailable From
"Restaurant/Cafe in Kokane Chowk, Pune for Rent","Linear garden, Pk chowk",1.5 LacsNo Extra Maintenance,7.5 Lacs,"1,500 sqft 100.00 per Sq.Ft.",Restaurant/Cafe,ReservedParking,Fully furnishedFurnishing,ImmediatelyAvailable From
"Restaurant/Cafe in Rahatani, Pune for Rent","laxmi bhakti society, siddhivinayak wind chime","18,000 +900Maintenance","50,000",456 sqft 39.47 per Sq.Ft.,Restaurant/Cafe,PublicParking,UnfurnishedFurnishing,ImmediatelyAvailable From
"Restaurant/Cafe in Pimple Gurav, Pune for Rent","brts road , near kalpataru Society ","18,000 +500Maintenance","50,000",950 sqft 18.95 per Sq.Ft.,Restaurant/Cafe,Public And ReservedParking,UnfurnishedFurnishing,ImmediatelyAvailable From
"Restaurant/Cafe in Tathwade Road, Pune for Rent","rutej, bridge ","40,000 +3,000Maintenance",2 Lacs,"1,200 sqft 33.33 per Sq.Ft.",Restaurant/Cafe,PublicParking,Semi furnishedFurnishing,ImmediatelyAvailable From
"Restaurant/Cafe in Carnival Spine City Moshi, Pune for Rent","Privia Square, spine city chawk near bhosari pune",3 LacsNo Extra Maintenance,8 Lacs,"3,500 sqft 85.71 per Sq.Ft.",Restaurant/Cafe,ReservedParking,UnfurnishedFurnishing,ImmediatelyAvailable From
"Restaurant/Cafe in Hinjewadi , Pune for Rent","Laxmi Chowk Rd, Phase 1,, near Joshi wadewale hotel shambhu","99,000No Extra Maintenance",5 Lacs,"2,000 sqft 49.50 per Sq.Ft.",Restaurant/Cafe,Public And ReservedParking,Fully furnishedFurnishing,ImmediatelyAvailable From
"Restaurant/Cafe in Hinjewadi, Pune for Rent","Phase II,, gera imperium rise",2.64 LacsNo Extra Maintenance,2.64 Lacs,"2,956 sqft 89.31 per Sq.Ft.",Restaurant/Cafe,Public And ReservedParking,UnfurnishedFurnishing,ImmediatelyAvailable From
"Restaurant/Cafe in Hinjewadi, Pune for Rent","Hinjawadi Rd,, Near Thikana Bar","40,000No Extra Maintenance","60,000",300 sqft 133.33 per Sq.Ft.,Restaurant/Cafe,PublicParking,UnfurnishedFurnishing,ImmediatelyAvailable From
"Restaurant/Cafe in  Chikhali, Pune for Rent","Chikhali Akurdi Rd, Nair Colony, Sector No. 19, Saibaba Mandir","35,000No Extra Maintenance",2 Lacs,500 sqft 70.00 per Sq.Ft.,Restaurant/Cafe,PublicParking,Fully furnishedFurnishing,ImmediatelyAvailable From
"Restaurant/Cafe in Old Mundwa, Pune for Rent","old mudwa road , Krishna Constructions -Lotus Court","85,000No Extra Maintenance",2.5 Lacs,"1,000 sqft 85.00 per Sq.Ft.",Restaurant/Cafe,PublicParking,Semi furnishedFurnishing,ImmediatelyAvailable From
"Restaurant/Cafe in Hinjawadi Village, Hinjawadi, Pune for Rent","Hinjawadi - Wakad Rd, , Vicky's Pizzeria","30,000No Extra Maintenance",2 Lacs,800 sqft 37.50 per Sq.Ft.,Restaurant/Cafe,ReservedParking,Fully furnishedFurnishing,ImmediatelyAvailable From
"Restaurant/Cafe in Pimpri-chinchwad, Pune for Rent","Nigdi Bhosari Rd, Near Thermax Limited, Chemical Division.","65,000No Extra Maintenance",4 Lacs,833 sqft 78.03 per Sq.Ft.,Restaurant/Cafe,PublicParking,Fully furnishedFurnishing,ImmediatelyAvailable From
"Restaurant/Cafe in Pimple Saudagar, Pune for Rent","Kunal Icon Rd, PCMC play ground, Vision Flora","40,000No Extra Maintenance",1 Lac,686 sqft 58.31 per Sq.Ft.,Restaurant/Cafe,ReservedParking,Fully furnishedFurnishing,ImmediatelyAvailable From
"Restaurant/Cafe in Nigdi, Pune for Rent","Kohinoor Building, Chowk, Tilak Rd,, near Pradeep Sweets Nigdi",1 LacNo Extra Maintenance,8 Lacs,"2,700 sqft 37.04 per Sq.Ft.",Restaurant/Cafe,PublicParking,UnfurnishedFurnishing,ImmediatelyAvailable From
"Restaurant/Cafe in Ravet, Pune for Rent","panchvati society, near sonigira presidency ","30,000No Extra Maintenance",1.5 Lacs,"1,500 sqft 20.00 per Sq.Ft.",Restaurant/Cafe,ReservedParking,Fully furnishedFurnishing,ImmediatelyAvailable From
"Restaurant/Cafe in Bhosari, Pune for Rent","Pune - Nashik Hwy, IndianOil",1.5 LacsNo Extra Maintenance,5 Lacs,"4,350 sqft 34.48 per Sq.Ft.",Restaurant/Cafe,PublicParking,Fully furnishedFurnishing,ImmediatelyAvailable From
"Restaurant/Cafe in Wadgaon Sheri, Pune for Rent","Adarsh Nagar, , St. Arnold's Central School","50,000No Extra Maintenance",1.5 Lacs,"1,200 sqft 41.67 per Sq.Ft.",Restaurant/Cafe,Public And ReservedParking,UnfurnishedFurnishing,ImmediatelyAvailable From
"Restaurant/Cafe in Pimple Saudagar, Pune for Rent","Kunal Icon Rd, Sujata Mastani","26,000No Extra Maintenance","75,000",233 sqft 111.59 per Sq.Ft.,Restaurant/Cafe,PublicParking,UnfurnishedFurnishing,ImmediatelyAvailable From
"Restaurant/Cafe in Hinjawadi, Pune for Rent","Phase 2, Grand Tamanna Hotel",7 LacsNo Extra Maintenance,50 Lacs,"7,000 sqft 100.00 per Sq.Ft.",Restaurant/Cafe,PublicParking,Fully furnishedFurnishing,ImmediatelyAvailable From
"Shop in Ravet, Pune for Rent","Namrata Gloria, Avani Beauty Salon","12,000No Extra Maintenance","30,000",200 sqft 60.00 per Sq.Ft.,Shop,NoneParking,UnfurnishedFurnishing,ImmediatelyAvailable From
"Shop in Wadgaonsheri, Pune for Rent","Murlidhar Housing Society near, Anjali ENGLISH SCHOOL","7,000No Extra Maintenance","10,000",300 sqft 23.33 per Sq.Ft.,Shop,PublicParking,UnfurnishedFurnishing,ImmediatelyAvailable From
"Shop in New Sanghavi, Pune for Rent","adarsh nagar , Bharat Petroleum Petrol Pump , SHITOLE PETROLEUMS","17,000No Extra Maintenance","29,997",250 sqft 68.00 per Sq.Ft.,Shop,PublicParking,UnfurnishedFurnishing,ImmediatelyAvailable From
"Shop in Pimple Nilakh, , Pune for Rent","Brahmavrind Housing Society, Ingawale Nagar,, Kaka Halwai Sweets & Namkeen","30,000No Extra Maintenance",1.5 Lacs,408 sqft 73.53 per Sq.Ft.,Shop,PublicParking,Semi furnishedFurnishing,31-Jul-2023Available From
"Shop in Chikhali, Pune for Rent","North East Business Corner(NEBC), Near Savtha Mali Temple","70,000 +1,500Maintenance",3 Lacs,600 sqft 116.67 per Sq.Ft.,Shop,PublicParking,UnfurnishedFurnishing,19-May-2023Available From
"Shop in Chinchwad, Pune for Rent"," Old Mumbai - Pune Hwy,,  Ranka Jewellers ","30,000No Extra Maintenance",1.5 Lacs,520 sqft 57.69 per Sq.Ft.,Shop,PublicParking,UnfurnishedFurnishing,ImmediatelyAvailable From
"Shop in Wakad, Pune for Rent","On the BRTS Road, Kalewadi Phata, Chinchwad","48,000 +2,500Maintenance",3 Lacs,510 sqft 94.12 per Sq.Ft.,Shop,PublicParking,UnfurnishedFurnishing,14-May-2023Available From
"Shop in Dighi, Pune for Rent","Dharmaveer Sambhaji Raje Chowk, Krushnanagr, Near Mamta Sweets","45,000No Extra Maintenance","90,000",760 sqft 59.21 per Sq.Ft.,Shop,ReservedParking,UnfurnishedFurnishing,ImmediatelyAvailable From
"Shop in Pimpri-chinchwad, Pune for Rent","Thergaon , Aditya Birla Hospital","30,000No Extra Maintenance","40,000",150 sqft 200.00 per Sq.Ft.,Shop,PublicParking,UnfurnishedFurnishing,ImmediatelyAvailable From
"Shop in Pimpri-chinchwad, Pune for Rent","Thergaon ,  near  Aditya Birla Hospital",1 LacNo Extra Maintenance,1.5 Lacs,"3,000 sqft 33.33 per Sq.Ft.",Shop,PublicParking,UnfurnishedFurnishing,ImmediatelyAvailable From
"Shop in Pimpri-chinchwad, Pune for Rent","Thergaon ,  near  Aditya Birla Hospital","10,000No Extra Maintenance","20,000",150 sqft 66.67 per Sq.Ft.,Shop,PublicParking,UnfurnishedFurnishing,ImmediatelyAvailable From
"Shop in Prasun Puram Apartment, Pune for Rent","Prasun Puram Apartment, Near Lamde Hospital","23,000No Extra Maintenance",1 Lac,190 sqft 121.05 per Sq.Ft.,Shop,Public And ReservedParking,UnfurnishedFurnishing,ImmediatelyAvailable From
"Shop in Ravet Village Road, Nigdi, Pune for Rent","B-11, REGENT ARCADE, SAMBHAJI CHAUK, PRADHIKARN RD, SECTOR -26, NIGADI, PUNE-411035, sambhaji chauk","15,000 +500Maintenance","50,000",200 sqft 75.00 per Sq.Ft.,Shop,PublicParking,UnfurnishedFurnishing,ImmediatelyAvailable From
"Shop in Bijali Nagar, Pune for Rent","Akurdi Chikhali Road, Near Mamta sweet mart","13,000No Extra Maintenance","40,000",160 sqft 81.25 per Sq.Ft.,Shop,NoneParking,UnfurnishedFurnishing,ImmediatelyAvailable From
"Shop in Nigdi, Pune for Rent","regent avenue Sambhaji Maharaj chowk,  sector 26  subway akurdi ","17,000 +500Maintenance","50,000",300 sqft 56.67 per Sq.Ft.,Shop,PublicParking,Semi furnishedFurnishing,ImmediatelyAvailable From
"Shop in Pimpri-chinchwad, Pune for Rent","Rasikwadi, Punawale, Rose Mansion Cooperative Housing Society","15,000No Extra Maintenance",1 Lac,150 sqft 100.00 per Sq.Ft.,Shop,PublicParking,UnfurnishedFurnishing,ImmediatelyAvailable From
"Shop in Nigdi , Pune for Rent"," Pimpri-Chinchwad , Surabhi Travels","15,000No Extra Maintenance","30,000",200 sqft 75.00 per Sq.Ft.,Shop,PublicParking,Fully furnishedFurnishing,ImmediatelyAvailable From
"Shop in Moshi, Pune for Rent","Gaikwad Vasti,, Moshi Toll Plaza","32,000No Extra Maintenance",1 Lac,650 sqft 49.23 per Sq.Ft.,Shop,PublicParking,UnfurnishedFurnishing,ImmediatelyAvailable From
"Shop in Akurdi Railway Station, Pune for Rent","ABC JUNCTION BLDG, ABC JUNCTION BLDG","25,000No Extra Maintenance",1 Lac,260 sqft 96.15 per Sq.Ft.,Shop,PublicParking,UnfurnishedFurnishing,ImmediatelyAvailable From
"Shop in Pimpri Colony, Pune for Rent"," Shastri Nagar, near Shree  Ganesh Mandir","10,000No Extra Maintenance","25,000",235 sqft 42.55 per Sq.Ft.,Shop,ReservedParking,UnfurnishedFurnishing,ImmediatelyAvailable From
"Shop in Kasarwadi, Pune for Rent","Nashik Phata, behind Maratha Khanawal Pure Veg Restaurant","50,000No Extra Maintenance",2 Lacs,"1,000 sqft 50.00 per Sq.Ft.",Shop,ReservedParking,UnfurnishedFurnishing,ImmediatelyAvailable From
"Shop in Pimpri-chinchwad, Pune for Rent","Nehru Nagar, Near santoshi mata mandir and  Ayush Multispeciality Hospital","12,000No Extra Maintenance","20,000",228 sqft 52.63 per Sq.Ft.,Shop,Public And ReservedParking,Semi furnishedFurnishing,ImmediatelyAvailable From
"Shop in Kalewadi, Pune for Rent","pimpri chinchwad, Kalewadi Ayappa Temple","10,000No Extra Maintenance","30,000",250 sqft 40.00 per Sq.Ft.,Shop,PublicParking,UnfurnishedFurnishing,ImmediatelyAvailable From
"Shop in Pimple Saudagar, Pune for Rent","Jagtap Dairy Road,  Shivar Garden Restaurant and Podar Jumbo Kids","15,000No Extra Maintenance","45,000",242 sqft 61.98 per Sq.Ft.,Shop,PublicParking,UnfurnishedFurnishing,ImmediatelyAvailable From
"Shop in Wadgaonsheri, Pune for Rent","Digambar Nagar, , near Bramha Sun City","25,000No Extra Maintenance","75,000",378 sqft 66.14 per Sq.Ft.,Shop,PublicParking,UnfurnishedFurnishing,ImmediatelyAvailable From
"Showroom in Pimpri-chinchwad, Pune for Rent","Kalewadi - Rahatani Rd, near Apex Hospital, Kalewadi Phata, Kaveri Nagar, Thergaon, Pimpri-Chinchwad, Maharashtra 411033,  Health Guru","75,000No Extra Maintenance",2 Lacs,"1,080 sqft 69.44 per Sq.Ft.",Showroom,Public And ReservedParking,UnfurnishedFurnishing,ImmediatelyAvailable From
"Showroom in  Kalewadi, Pune for Rent","Adarsh Nagar , Pimpri-Chinchwad,, Near Sky Venue Banquet Lodging Restaurant And Lounge","55,000No Extra Maintenance",1 Lac,"1,400 sqft 39.29 per Sq.Ft.",Showroom,Public And ReservedParking,Semi furnishedFurnishing,ImmediatelyAvailable From
"Showroom in New Sanghavi, Pune for Rent","Krishna Nagar Road Number 2, Krishna Nagar Road Number 2",1.5 LacsNo Extra Maintenance,15 Lacs,750 sqft 200.00 per Sq.Ft.,Showroom,ReservedParking,Fully furnishedFurnishing,31-May-2023Available From
"Showroom in Thergaon, Pune for Rent","Tapkir chowk to thergaon main road, new pcmc thergaon hospital ","35,000No Extra Maintenance",3 Lacs,"1,000 sqft 35.00 per Sq.Ft.",Showroom,PublicParking,UnfurnishedFurnishing,ImmediatelyAvailable From
"Showroom in Dattwadi, Pune for Rent","Ashok Nagar, Tathawade, Skyscraper",1 LacNo Extra Maintenance,4 Lacs,"1,500 sqft 66.67 per Sq.Ft.",Showroom,PublicParking,UnfurnishedFurnishing,ImmediatelyAvailable From
"Retail  Property in  Ravet, Pune for Rent","Aundh - Ravet BRTS Rd, Reliance Smart Superstore - Ravet","40,000 +5,000Maintenance",1 Lac,"1,220 sqft 32.79 per Sq.Ft.",Retail,PublicParking,UnfurnishedFurnishing,ImmediatelyAvailable From
"Showroom in Wakad, Pune for Rent","Shop No 2, R.K. Lunkad's Nisarg Deep 1, Kaspate Wasti, Wakad, Pune, Maharashtra 411057, Wakad Main Road","40,000No Extra Maintenance",1 Lac,220 sqft 181.82 per Sq.Ft.,Showroom,PublicParking,Semi furnishedFurnishing,02-Jun-2023Available From
"Showroom in Chinchwad, Pune for Rent","Empire Square, , Near Auto Cluster Development and  Research Institute","5 Lacs +10,000Maintenance",30 Lacs,"5,018 sqft 99.64 per Sq.Ft.",Showroom,ReservedParking,UnfurnishedFurnishing,ImmediatelyAvailable From
"Showroom in Pimpri-chinchwad,, Pune for Rent","Nigdi Gaothan,  Inspiria Mall","35,000 +750Maintenance",1.5 Lacs,525 sqft 66.67 per Sq.Ft.,Showroom,PublicParking,UnfurnishedFurnishing,ImmediatelyAvailable From
"Showroom in Pimpri-chinchwad, Pune for Rent","Nigdi Service rd , Shri Gokulnath Krishna Vigraha Mandir","35,000 +750Maintenance",1.5 Lacs,750 sqft 46.67 per Sq.Ft.,Showroom,ReservedParking,UnfurnishedFurnishing,ImmediatelyAvailable From
"Showroom in Sector No. 9, Moshi, Pune for Rent","Santnagar,, Near Nivrutti heights ",2 LacsNo Extra Maintenance,10 Lacs,"2,200 sqft 90.91 per Sq.Ft.",Showroom,Public And ReservedParking,UnfurnishedFurnishing,29-Aug-2023Available From
"Showroom in Pimpri-chinchwad, Pune for Rent","Gavhane Industrial Estate, Sadashiv Palace",1.8 LacsNo Extra Maintenance,10.8 Lacs,"1,500 sqft 120.00 per Sq.Ft.",Showroom,ReservedParking,UnfurnishedFurnishing,ImmediatelyAvailable From
"Showroom in Wakad, Pune for Rent","Datta mandir main road, near wakad chowk, Near Wakad Chowk",7.5 LacsNo Extra Maintenance,50 Lacs,"6,000 sqft 125.00 per Sq.Ft.",Showroom,ReservedParking,UnfurnishedFurnishing,ImmediatelyAvailable From
"Showroom in Pimpri-chinchwad, Pune for Rent","Anna Sahib Nagar, Pimpri Police Station","40,000 +1,245Maintenance",2.5 Lacs,415 sqft 96.39 per Sq.Ft.,Showroom,PublicParking,Fully furnishedFurnishing,ImmediatelyAvailable From
"Showroom in Bhakti Shakti, Pune for Rent","Bhakti Shakti Chowk, Bhakti Shakti Statue",1.9 LacsNo Extra Maintenance,12 Lacs,"4,000 sqft 47.50 per Sq.Ft.",Showroom,Public And ReservedParking,UnfurnishedFurnishing,ImmediatelyAvailable From
"Showroom in Wakad, Pune for Rent","Kalewadi Chowk, , Hotel Ambience Excellency",1.62 LacsNo Extra Maintenance,9.72 Lacs,"1,610 sqft 100.62 per Sq.Ft.",Showroom,ReservedParking,UnfurnishedFurnishing,ImmediatelyAvailable From
"Showroom in Wadgaon Sheri, Pune for Rent","Shiv Shakti Society, Ganesh nagar rd, near Anand Mangal Society","80,000No Extra Maintenance",2.4 Lacs,"1,650 sqft 48.48 per Sq.Ft.",Showroom,PublicParking,Fully furnishedFurnishing,ImmediatelyAvailable From
"Showroom in Punawale, Pune for Rent","Panchatattva Heights, Near HDFC Bank, Punavale ","80,000 +2,100Maintenance",5 Lacs,530 sqft 150.94 per Sq.Ft.,Showroom,ReservedParking,UnfurnishedFurnishing,ImmediatelyAvailable From
"Showroom in Pimpri-chinchwad, Pune for Rent"," Moshi, , Near Spine City Mall","27,000No Extra Maintenance",1.62 Lacs,500 sqft 54.00 per Sq.Ft.,Showroom,PublicParking,Semi furnishedFurnishing,ImmediatelyAvailable From
"Showroom in Moshi, Pune for Rent","ASHOKQ, ","80,000No Extra Maintenance",2 Lacs,"1,000 sqft 80.00 per Sq.Ft.",Showroom,NoneParking,UnfurnishedFurnishing,ImmediatelyAvailable From
"Showroom in Maan, Pune for Rent","Maan Road, Joshi Wadewale ",1 LacNo Extra Maintenance,4 Lacs,"2,100 sqft 47.62 per Sq.Ft.",Showroom,ReservedParking,UnfurnishedFurnishing,ImmediatelyAvailable From
"Showroom in Moshi, Pune for Rent","Sant Nagar  Pune -Nashik Hwy, , Motilal Talera English Medium School","1.8 Lacs +5,000Maintenance",6 Lacs,"3,000 sqft 60.00 per Sq.Ft.",Showroom,ReservedParking,UnfurnishedFurnishing,ImmediatelyAvailable From
"Showroom in Pimple Gurav, Pune for Rent","New Sanghvi Rd , Asmita Chowk","80,000No Extra Maintenance",2.5 Lacs,"1,500 sqft 53.33 per Sq.Ft.",Showroom,PublicParking,Semi furnishedFurnishing,ImmediatelyAvailable From
"Showroom in Pimpri Colony, Pune for Rent","Sadhu Vaswani Road, Sadhu Vaswani Road",2.7 LacsNo Extra Maintenance,7.5 Lacs,"1,800 sqft 150.00 per Sq.Ft.",Showroom,PublicParking,UnfurnishedFurnishing,ImmediatelyAvailable From
"Showroom in Kharadi, Pune for Rent","Raghavendra Nagar, opp Kumar Periwinkle","75,000No Extra Maintenance",2 Lacs,"1,500 sqft 50.00 per Sq.Ft.",Showroom,PublicParking,UnfurnishedFurnishing,ImmediatelyAvailable From
"Godown/Warehouse in Moshi, Pune for Rent","Next to Mantra Moments, Near D mart, Dehu alandi road","20,000No Extra Maintenance",1 Lac,"3,000 sqft 6.67 per Sq.Ft.",Godown/Warehouse,ReservedParking,UnfurnishedFurnishing,ImmediatelyAvailable From
"Godown/Warehouse in Pimpri-chinchwad,, Pune for Rent","1/2, Hinjawadi Phase 2 Rd, Hinjawadi Phase II, Hinjewadi Rajiv Gandhi Infotech Park, Hinjawadi, Pune, Maharashtra 411057, Motherson Sumi Systems Ltd","35,000No Extra Maintenance",1.5 Lacs,"3,200 sqft 10.94 per Sq.Ft.",Godown/Warehouse,ReservedParking,Semi furnishedFurnishing,19-May-2023Available From
"Godown/Warehouse in Pimpri-chinchwad, Pune for Rent","Talawade Gaon, Talwade, Pune Software Park Private Limited","60,000No Extra Maintenance",3.6 Lacs,"4,000 sqft 15.00 per Sq.Ft.",Godown/Warehouse,PublicParking,UnfurnishedFurnishing,ImmediatelyAvailable From
"Godown/Warehouse in Hinjawadi, Pune for Rent"," Phase 2, Hinjewadi Rajiv Gandhi Infotech Park,, Grand Tamanna Hotel",2.5 LacsNo Extra Maintenance,10 Lacs,"10,000 sqft 25.00 per Sq.Ft.",Godown/Warehouse,ReservedParking,UnfurnishedFurnishing,30-Jun-2023Available From
"Godown/Warehouse in Chikhali, Pune for Rent","More Vasti, , Hanuman Gym","20,000No Extra Maintenance","80,000","1,000 sqft 20.00 per Sq.Ft.",Godown/Warehouse,ReservedParking,UnfurnishedFurnishing,31-Jul-2023Available From
"Godown/Warehouse in Motherson Sumi System Ltd., Pune for Rent","Hinjawadi-Nerhe Road, Near Motherson Company","35,000No Extra Maintenance",1.5 Lacs,"3,200 sqft 10.94 per Sq.Ft.",Godown/Warehouse,ReservedParking,Semi furnishedFurnishing,23-May-2023Available From
"Godown/Warehouse in Moshi, Pune for Rent","Gaikwad Vasti, Chimbali Phata ",2.3 LacsNo Extra Maintenance,13.8 Lacs,"10,000 sqft 23.00 per Sq.Ft.",Godown/Warehouse,ReservedParking,UnfurnishedFurnishing,ImmediatelyAvailable From
"Godown/Warehouse in Moshi, Pune for Rent","Gaikwad Vasti, Chimbali Phata ",4.3 LacsNo Extra Maintenance,25.8 Lacs,"20,000 sqft 21.50 per Sq.Ft.",Godown/Warehouse,PublicParking,UnfurnishedFurnishing,ImmediatelyAvailable From
"Godown/Warehouse in Nigdi, Pune for Rent","Walhekarwadi, Aher Garden Lawns","25,000No Extra Maintenance","80,000","1,000 sqft 25.00 per Sq.Ft.",Godown/Warehouse,ReservedParking,UnfurnishedFurnishing,ImmediatelyAvailable From
"Godown/Warehouse in ???????, Pune for Rent","gawarewadi, near symphony society ","55,000 +2,000Maintenance",2 Lacs,"5,000 sqft 11.00 per Sq.Ft.",Godown/Warehouse,PublicParking,UnfurnishedFurnishing,ImmediatelyAvailable From
"Godown/Warehouse in Nigdi, Pune for Rent","Walhekar Wadi Rd, Walhekarwadi Prathamik School, ","35,000No Extra Maintenance","90,000","2,000 sqft 17.50 per Sq.Ft.",Godown/Warehouse,ReservedParking,UnfurnishedFurnishing,ImmediatelyAvailable From
"Godown/Warehouse in Nigdi, Pune for Rent","Walhekar Wadi Rd, Walhekarwadi Prathamik School, ","30,000No Extra Maintenance",1.8 Lacs,"2,000 sqft 15.00 per Sq.Ft.",Godown/Warehouse,ReservedParking,UnfurnishedFurnishing,ImmediatelyAvailable From
"Godown/Warehouse in Ravet, Pune for Rent","Durga nivas Survey No. 110, Gat No.1, S B Patil Public School","20,000No Extra Maintenance","50,000","1,400 sqft 14.29 per Sq.Ft.",Godown/Warehouse,PublicParking,UnfurnishedFurnishing,ImmediatelyAvailable From
"Godown/Warehouse in Bhosari, Pune for Rent","kusum nivas,, near vitthal rukhmini temple","30,000 +1,000Maintenance",3 Lacs,"1,700 sqft 17.65 per Sq.Ft.",Godown/Warehouse,ReservedParking,UnfurnishedFurnishing,ImmediatelyAvailable From
"Godown/Warehouse in Pimpri-chinchwad, Pune for Rent","Krushna Nagar, Infant Jesus Church","40,000No Extra Maintenance",2 Lacs,"6,000 sqft 6.67 per Sq.Ft.",Godown/Warehouse,ReservedParking,UnfurnishedFurnishing,ImmediatelyAvailable From
"Godown/Warehouse in Hinjewadi, Pune for Rent","Wakad Rd, Raj Wines","60,000No Extra Maintenance",1.8 Lacs,"2,000 sqft 30.00 per Sq.Ft.",Godown/Warehouse,ReservedParking,UnfurnishedFurnishing,ImmediatelyAvailable From
"Godown/Warehouse in  Pimpri-chinchwad, Pune for Rent"," Old Sangvi road , near Shree Sant Gajanan Maharaj Mandir","20,000No Extra Maintenance","40,000",500 sqft 40.00 per Sq.Ft.,Godown/Warehouse,ReservedParking,UnfurnishedFurnishing,ImmediatelyAvailable From
"Godown/Warehouse in Chikhali, Pune for Rent","Shelarvasti,, Bharat Weight Bridge Pvt. LTD","45,000No Extra Maintenance",3 Lacs,"6,000 sqft 7.50 per Sq.Ft.",Godown/Warehouse,PublicParking,Semi furnishedFurnishing,ImmediatelyAvailable From
"Godown/Warehouse in Wakad, Pune for Rent","service rd near , Rohan Tarang Co-Operative Housing Society","80,000No Extra Maintenance",2 Lacs,"2,500 sqft 32.00 per Sq.Ft.",Godown/Warehouse,ReservedParking,UnfurnishedFurnishing,ImmediatelyAvailable From
"Godown/Warehouse in Thergaon, Pune for Rent"," Dattaraj Colony, , Rahatani Phata and Om Jewellers","30,000No Extra Maintenance",1.5 Lacs,"1,400 sqft 21.43 per Sq.Ft.",Godown/Warehouse,PublicParking,UnfurnishedFurnishing,ImmediatelyAvailable From
"Godown/Warehouse in Pimple Saudagar, Pune for Rent","Nashik Phata Road, near cream ston ice cream parlaor","50,000No Extra Maintenance",1.5 Lacs,"1,400 sqft 35.71 per Sq.Ft.",Godown/Warehouse,PublicParking,UnfurnishedFurnishing,ImmediatelyAvailable From
"Godown/Warehouse in Kiwale, Pune for Rent","Pimpri-Chinchwad,,  near Symbiosis Skills and Professional University","15,000No Extra Maintenance","15,000","2,940 sqft 5.10 per Sq.Ft.",Godown/Warehouse,PublicParking,UnfurnishedFurnishing,ImmediatelyAvailable From
"Godown/Warehouse in Chikhali, Pune for Rent","Pimpri chinchwad, Hindustan Petroleum Corporation Limited","50,000No Extra Maintenance",2 Lacs,"4,000 sqft 12.50 per Sq.Ft.",Godown/Warehouse,PublicParking,Semi furnishedFurnishing,ImmediatelyAvailable From
"Godown/Warehouse in Tathawade, Pune for Rent","Pawar Wasti, Near RAGA BANQUIT Hall","42,000No Extra Maintenance",1.26 Lacs,"2,000 sqft 21.00 per Sq.Ft.",Godown/Warehouse,ReservedParking,UnfurnishedFurnishing,ImmediatelyAvailable From
"Godown/Warehouse in Marunji, Pune for Rent","Buchade Wasti, Marunji-Hinjewadi Rd, Laxmi Chowk, Hinjewadi","40,000No Extra Maintenance",1 Lac,"4,000 sqft 10.00 per Sq.Ft.",Godown/Warehouse,Public And ReservedParking,UnfurnishedFurnishing,ImmediatelyAvailable From
